hot,img,link,name,update_date
770℃,/images/defaultpic.gif,/pdf/2017/0222/10277.html,马士兵linux下载_马士兵linux轻松愉快LINUX视频教程,2017-02-22
4621℃,/uploads/allimg/161027/230_102GA5406243.jpg,/pdf/2016/1027/8691.html,《Linux从入门到精通》┊刘忆智[PDF],2016-10-27
6095℃,/uploads/allimg/160606/230-1606061FF60-L.jpg,/pdf/2016/0606/5800.html,ubuntu14.04使用教程 pdf_Ubuntu 菜鸟入门完全使用手册下载,2016-06-06
8458℃,/uploads/160412/227-160412192S1911.jpg,/pdf/2016/0412/5233.html,linux系统命令及shell脚本实践指南pdf 百度云下载,2016-04-12
806℃,/uploads/allimg/160405/1059492T6-0-lp.png,/pdf/2016/0405/5188.html,PC-BSD 9.0用户使用手册 白度云下载,2016-04-05
11243℃,/uploads/160218/228-16021P1410G15.jpg,/pdf/2016/0218/4737.html,Linux一些经典书籍推荐_推荐各种Linux新手入门书籍,2016-02-18
5983℃,/uploads/allimg/160213/227_0213210T26112.jpg,/pdf/2016/0213/4689.html,《Linux典藏大系.Linux从入门到精通》[PDF和镜像]下载,2016-02-15
4863℃,/uploads/allimg/160213/227_0213212R35E3.jpg,/pdf/2016/0213/4691.html,《Linux命令行技术大全》pdf下载,2016-02-15
2463℃,/uploads/allimg/160211/227_0211220U22232.jpg,/pdf/2016/0211/4668.html,Linux系统管理员手册 免费下载,2016-02-11
2917℃,/uploads/allimg/160211/227_02112151114344.jpg,/pdf/2016/0211/4667.html,Shell脚本学习指南pdf格式【shell脚本学习教程】 百度云,2016-02-11
4760℃,/uploads/allimg/160211/227_02112144433233.png,/pdf/2016/0211/4666.html,HADOOP实战(中文第二版)pdf清晰完整电子版,2016-02-11
7701℃,/uploads/allimg/160211/227_02112140515950.png,/pdf/2016/0211/4665.html,Ubuntu权威指南(中文完整版) pdf格式免费版,2016-02-11
4877℃,/uploads/allimg/160211/227_021121343b533.jpg,/pdf/2016/0211/4664.html,《Linux服务器搭建实战详解》高清文字版[PDF] 百度云,2016-02-11
3545℃,/uploads/160211/227-160211211HO96.png,/pdf/2016/0211/4663.html,《Ubuntu Linux从初学到精通》 PDF扫描版 百度云下载,2016-02-11
2697℃,/uploads/allimg/160211/227_021121040435I.jpg,/pdf/2016/0211/4662.html,《CentOS 6.x系统管理实战宝典》 PDF扫描版 百度云,2016-02-11
4950℃,/uploads/allimg/160211/227-1602112054260-L.png,/pdf/2016/0211/4661.html,Linux运维之道 百度云 免费下载,2016-02-11
3624℃,/uploads/160211/227-160211213555I5.jpg,/pdf/2016/0211/4660.html,《30天自制操作系统》 百度云 免费下载,2016-02-11
3353℃,/uploads/allimg/160211/227-16021120232S58.png,/pdf/2016/0211/4659.html,《自己动手写操作系统》完全pdf版 百度云下载,2016-02-11
476℃,/uploads/allimg/160206/227-1602061643240-L.png,/pdf/2016/0206/4587.html,o妹养成记——openSUSE 入门 PDF 版 V1.0 下载,2016-02-06
3869℃,/uploads/allimg/160126/228-1601261422160-L.png,/pdf/2016/0126/4479.html,Ubuntu系统菜鸟入门完全使用手册PDF电子书教程下载 百度云,2016-01-27
1478℃,/uploads/allimg/160126/228-1601261415200-L.png,/pdf/2016/0126/4478.html,免费linux教程下载_Linux入门教程 PDF离线版下载 白度云,2016-01-26
308℃,/uploads/allimg/160121/228-1601212333560-L.png,/pdf/2016/0121/4437.html,lshort中文版下载_一份不太简短的 LATEX 2ε 介绍,2016-01-21
1406℃,/uploads/160109/228-16010ZZ349E2.png,/pdf/2016/0109/4316.html,SUSE Linux Enterprise Server 12系统安装图文教程 PDF百度云下载,2016-01-09
957℃,/uploads/allimg/151228/228-15122R33Z10-L.jpg,/pdf/2015/1228/4219.html,linux内核源代码情景分析pdf_白度云免费下载,2016-01-05
837℃,/uploads/allimg/151230/228-1512301ZQ80-L.png,/pdf/2015/1230/4234.html,Arch linux安装指南  图解教程 pdf下载_百度网盘,2016-01-04
251℃,/uploads/allimg/151230/228-1512301630120-L.jpg,/pdf/2015/1230/4233.html,韦诺之战（The Battle For Wesnoth）下载_策略游戏,2015-12-30
2691℃,/uploads/allimg/151229/228-1512291F2010-L.png,/pdf/2015/1229/4222.html,《Python Cookbook》第三版中文版下载PDF下载_百度云,2015-12-29
808℃,/uploads/allimg/151228/1315095535-0-lp.png,/pdf/2015/1228/4215.html,Linux内核设计与实现下载_第三版中文高清带目录_百度云,2015-12-28
988℃,/uploads/allimg/151224/228-1512242339510-L.png,/pdf/2015/1224/4189.html,"旗舰书籍：Linux培训系列(第一讲至第八讲,DPF格式)",2015-12-24
1520℃,/uploads/151224/228-151224215312610.png,/pdf/2015/1224/4187.html,Linux指令范例速查手册.pdf_网盘下载,2015-12-24
599℃,/uploads/151223/228-151223152153346-lp.png,/pdf/2015/1223/4169.html,DELL服务器使用手册_DELL(戴尔)服务器操作手册_百度网盘下载,2015-12-23
2204℃,/uploads/151217/227-15121GG952942.png,/pdf/2015/1217/4138.html,Linux权威指南pdf_Linux权威指南 完整版 中文版_百度网盘下载,2015-12-17
3802℃,/uploads/allimg/150324/1-15032411060J40-lp.gif,/pdf/2015/0324/3883.html,shell脚本编程宝典 完整pdf扫描版(52M),2015-03-24
7493℃,/uploads/allimg/150111/1-150111020915E0-lp.png,/pdf/2015/0111/3777.html,Unix & Linux大学教程 中文版 pdf,2015-01-11
6154℃,/uploads/allimg/150105/1-150105024309324-lp.jpg,/pdf/2015/0105/3759.html,《LINUX命令、编辑器与SHELL编程》pdf电子中文版,2015-01-05
4770℃,/uploads/allimg/150105/1-150105022316263-lp.jpg,/pdf/2015/0105/3757.html,网络运维与管理(pdf版本),2015-01-05
1808℃,/uploads/allimg/150105/1-1501050219363Y-lp.jpg,/pdf/2015/0105/3756.html,《LINUX+SHELL脚本攻略》pdf电子,2015-01-05
1432℃,/uploads/allimg/150105/1-150105021300216-lp.png,/pdf/2015/0105/3755.html,Linux系统管理技术手册第二版,2015-01-05
2762℃,/uploads/allimg/141127/1-14112G14544200-lp.jpg,/pdf/2014/1127/3558.html,高性能Linux服务器构建实战：运维监控、性能调优与集群应用,2014-11-27
1873℃,/uploads/allimg/141127/1-14112G1393T46-lp.png,/pdf/2014/1127/3557.html,实战Linux Shell编程与服务器管理 pdf,2014-11-27
4417℃,/uploads/allimg/141127/1-14112G1145C06-lp.jpg,/pdf/2014/1127/3556.html,鸟哥的Linux私房菜 基础学习篇(第三版) pdf,2014-11-27
10531℃,/uploads/allimg/141127/1-14112G10K42Z-lp.jpg,/pdf/2014/1127/3555.html,鸟哥的Linux私房菜服务器架设篇 第三版 pdf,2014-11-27
2434℃,/uploads/allimg/141126/1-1411261G94JC-lp.png,/pdf/2014/1126/3547.html,鸟哥的linux私房菜 pdf,2014-11-26
hot,img,link,name,update_date
1661℃,/uploads/allimg/170210/111U364Y-0-lp.jpg,/soft/2017/0210/10178.html,linux搜狗输入法2_搜狗输入法 for linux 安装指南,2017-02-10
1092℃,/uploads/allimg/161101/1H92W127-11.jpg,/soft/2016/1101/8711.html,ownCloud Server for Linux V8.2.0官方免费,2016-11-01
2772℃,/uploads/allimg/161013/230_101316102295Q.jpg,/soft/2016/1013/8532.html,虚拟机12.5.0.43524 vmware workstation for linux 下载,2016-10-13
329℃,/uploads/allimg/161013/16041C260-0-lp.png,/soft/2016/1013/8531.html,flash builder 4 for linux 下载,2016-10-13
476℃,/uploads/allimg/160930/230_093020440H145.png,/soft/2016/0930/7212.html,Foxmail Server For Linux(Foxmail邮件客户端)下载V1.3官方版,2016-09-30
476℃,/images/defaultpic.gif,/soft/2016/0930/7210.html,超信Linux版(超信 for Linux下载) V1.3.0官方版,2016-09-30
352℃,/uploads/allimg/160930/230_0930153FO241.jpg,/soft/2016/0930/7209.html,SXEarth(免费三维数字地球平台) for linux 64bit V2.6.6官方,2016-09-30
646℃,/uploads/allimg/160922/230_092210302II4.gif,/soft/2016/0922/6473.html,GNOME 3.22 发布，Linux 桌面环境,2016-09-22
204℃,https://static.oschina.net/uploads/logo/ceph_U5nx7.png,/soft/2016/0922/6472.html,Ceph v10.2.3 发布，分布式存储系统,2016-09-22
834℃,/images/defaultpic.gif,/soft/2016/0827/6321.html,Redis Desktop Manager 0.8.8 发布,2016-08-27
153℃,/images/defaultpic.gif,/soft/2016/0827/6319.html,Kubernetes 1.4.0-alpha.3，开源容器集群管理系统,2016-08-27
671℃,/images/defaultpic.gif,/soft/2016/0620/5930.html,MongooseJS 4.5.1 发布，MongoDB 连接包,2016-06-20
408℃,/uploads/allimg/160619/15015A060-0-lp.png,/soft/2016/0619/5923.html,IPython 5.0.0b4 发布下载，Python 命令行交互,2016-06-19
391℃,/uploads/allimg/160616/1124314642-0-lp.png,/soft/2016/0616/5893.html,mRemoteNG 1.74 RC2 发布，远程连接管理器,2016-06-16
442℃,/uploads/allimg/160610/230_061011162615P.png,/soft/2016/0610/5845.html,Redis Desktop Manager 0.8.4 发布,2016-06-10
132℃,/uploads/allimg/160610/230_061011151X1S.png,/soft/2016/0610/5844.html,Rocket v1.8.0 发布，CoreOS 的容器引擎,2016-06-10
220℃,/uploads/allimg/160607/229_060G0354115B.gif,/soft/2016/0607/5807.html,MongoDB r3.3.7 和 r3.3.8 发布下载,2016-06-07
784℃,/uploads/allimg/160528/1043134134-0-lp.png,/soft/2016/0528/5731.html,GNOME 3.21.2 发布,2016-05-28
446℃,/images/defaultpic.gif,/soft/2016/0525/5699.html,Electron v1.1.2 发布，跨平台桌面应用开发工具,2016-05-25
783℃,/uploads/allimg/160525/228-1605251035580-L.gif,/soft/2016/0525/5698.html,Android Studio 2.2 发布：增强支持 Java 8,2016-05-25
247℃,/uploads/allimg/160524/228-16052410552Sb-lp.png,/soft/2016/0524/5678.html,OpenCoord V1.0.0 发布，坐标转换开源项目,2016-05-24
395℃,/uploads/allimg/160524/228-160524105443417-lp.jpg,/soft/2016/0524/5677.html,Kreogist Mu 0.9.9.2 发布，跨平台音乐中心,2016-05-24
66℃,/uploads/allimg/160523/228-160523012A20-L.png,/soft/2016/0523/5634.html, Jekyll v3.2.0.pre.beta1 发布,2016-05-23
85℃,/uploads/allimg/160523/228-1605230125240-L.png,/soft/2016/0523/5633.html, t3js v2.5.0 发布，JavaScript 框架,2016-05-23
155℃,/uploads/allimg/160518/228-16051R309330-L.png,/soft/2016/0518/5541.html,Struts 2.5 GA 版本发布,2016-05-18
152℃,/images/defaultpic.gif,/soft/2016/0518/5540.html,DownloadList 重要更新，多线程下载小工具,2016-05-18
170℃,/images/defaultpic.gif,/soft/2016/0518/5526.html,WebConsole 1.3 发布，SSH 远程终端,2016-05-18
113℃,/images/defaultpic.gif,/soft/2016/0518/5524.html,C++ 和 Lua 绑定库 Eluna 升级支持 Lua 5.3,2016-05-18
88℃,/images/defaultpic.gif,/soft/2016/0517/5504.html,jemalloc 4.2.0 发布，内存分配管理,2016-05-17
56℃,/images/defaultpic.gif,/soft/2016/0517/5503.html,MongoDB Plugin 1.0.2 发布，支持读写分离等特性,2016-05-17
52℃,/images/defaultpic.gif,/soft/2016/0516/5493.html,qb 0.1 - st.james infirmary 发布,2016-05-16
58℃,/images/defaultpic.gif,/soft/2016/0516/5492.html, Fdslight v2.1.4 发布，部署在网关的 IP 代理,2016-05-16
110℃,/images/defaultpic.gif,/soft/2016/0515/5483.html,Ceph v0.94.7 Hammer 发布，分布式存储系统,2016-05-15
158℃,/images/defaultpic.gif,/soft/2016/0515/5482.html,Raspbian 2016-05-10 发布,2016-05-15
78℃,/images/defaultpic.gif,/soft/2016/0514/5470.html,PostgreSQL 9.6 Beta 1，9.5.3，9.4.8，9.3.13，9.2.17 和 9.1.22 发布,2016-05-14
65℃,/images/defaultpic.gif,/soft/2016/0514/5469.html,WebConsole 1.2 发布，SSH 远程终端,2016-05-14
61℃,/images/defaultpic.gif,/soft/2016/0513/5458.html,PeaZip For Linux (GTK2) RPM 6.0.1,2016-05-13
229℃,/images/defaultpic.gif,/soft/2016/0513/5456.html,思维导图软件XMind 7 Linux版32位 简体中文版 v7,2016-05-13
182℃,/uploads/allimg/160511/228-1605110026290-L.png,/soft/2016/0511/5435.html, EdoSoho 开源网络教室新版本 V6.17.1,2016-05-11
108℃,/uploads/allimg/160511/228-1605110025522A-lp.png,/soft/2016/0511/5434.html,Spring Boot 1.3.5 发布,2016-05-11
80℃,/uploads/allimg/160510/228-160510004A2306-lp.png,/soft/2016/0510/5422.html,Payara Server 4.1.1.162 发布，Java EE 7 应用服务器,2016-05-10
33℃,/images/defaultpic.gif,/soft/2016/0510/5421.html,Fdslight v2.1.3 发布，部署在网关的 IP 代理,2016-05-10
134℃,/uploads/allimg/160509/228-16050Z10K20-L.png,/soft/2016/0509/5414.html,Vue v1.0.22 发布，轻量级 JavaScript 框架,2016-05-09
67℃,/images/defaultpic.gif,/soft/2016/0509/5413.html,Apache Wicket 7.3.0 和 6.23.0 发布,2016-05-09
94℃,/uploads/allimg/160508/228-16050P021210-L.gif,/soft/2016/0508/5402.html,Deis v1.13.1 LTS 发布，更新 CoreOS,2016-05-08
38℃,/uploads/allimg/160508/228-16050P0191Ra-lp.png,/soft/2016/0508/5401.html,GoshawkDB 0.2 发布，分布式对象数据库,2016-05-08
75℃,/uploads/allimg/160507/228-16050G102140-L.png,/soft/2016/0507/5393.html,.NET Core RC 2 计划发布,2016-05-07
111℃,/uploads/allimg/160507/228-16050G059290-L.gif,/soft/2016/0507/5392.html,Redis 3.2.0 发布，超高性能 key-value 数据库,2016-05-07
73℃,/images/defaultpic.gif,/soft/2016/0506/5378.html,MariaDB Galera Cluster 10.0.25 发布,2016-05-06
40℃,/images/defaultpic.gif,/soft/2016/0506/5377.html,Jenkins 2.1 发布，可扩展的持续集成引擎,2016-05-06
335℃,/uploads/allimg/160505/228-1605050032150-L.gif,/soft/2016/0505/5370.html,"苹果同时发布 iOS 9.3.2, OS X 10.11.5, 和 tvOS 9.2.1 beta 4",2016-05-05
278℃,/uploads/allimg/160505/228-1605050026100-L.png,/soft/2016/0505/5369.html,新版 BlackArch Linux 发布，提供1400款渗透测试工具,2016-05-05
72℃,/images/defaultpic.gif,/soft/2016/0505/5368.html,SQLite 3.12.2 发布,2016-05-05
123℃,/images/defaultpic.gif,/soft/2016/0504/5361.html,baigo ADS v1.0.1 正式版发布，网站广告管理系统,2016-05-04
85℃,/uploads/allimg/160504/228-1605040026470-L.gif,/soft/2016/0504/5360.html,RabbitMQ 3.6.2 发布,2016-05-04
88℃,/uploads/allimg/160503/228-1605030025540-L.jpg,/soft/2016/0503/5353.html,Fastjson-1.1.51.android 发布，继续提升性能,2016-05-03
212℃,/images/defaultpic.gif,/soft/2016/0503/5352.html,4MLinux 17.0 发布，小型 Linux 发行版,2016-05-03
227℃,/uploads/allimg/160502/228-1605021352260-L.gif,/soft/2016/0502/5347.html,Linux Kernel 3.16.35: stable 和 3.2.80: longterm 发布,2016-05-02
61℃,/uploads/allimg/160502/228-1605021349540-L.png,/soft/2016/0502/5346.html, Elixir 1.3 发布，函数式编程语言,2016-05-02
142℃,/uploads/allimg/160501/228-1605011553592W-lp.png,/soft/2016/0501/5340.html,GhostBSD 10.3-ALPHA1 发布，FreeBSD 发行版,2016-05-01
102℃,/uploads/allimg/160501/228-160501154R4c3-lp.jpg,/soft/2016/0501/5339.html,Electron v0.37.8 发布，跨平台桌面应用开发工具,2016-05-01
107℃,/uploads/allimg/160430/228-1604301322000-L.png,/soft/2016/0430/5333.html,Alluxio 1.0.1 发布，原名 Tachyon,2016-04-30
80℃,/images/defaultpic.gif,/soft/2016/0430/5331.html,SparkyLinux 4.3 正式版发布,2016-04-30
55℃,/images/defaultpic.gif,/soft/2016/0429/5323.html,Keycloak 1.9.3.Final 发布，SSO 集成解决方案,2016-04-29
152℃,/uploads/allimg/160429/228-160429110F30-L.png,/soft/2016/0429/5322.html,VirtualBox 5.0.20 发布，修复 Linux Kernel 4.5 问题,2016-04-29
87℃,/uploads/allimg/160428/228-16042R043460-L.gif,/soft/2016/0428/5316.html,MongoDB 3.2.6 发布,2016-04-28
59℃,/uploads/allimg/160428/228-16042Q111190-L.gif,/soft/2016/0428/5314.html,Apache PDFBox 1.8.12 隆重发布,2016-04-28
170℃,/uploads/allimg/160419/228-160419114T30-L.png,/soft/2016/0419/5270.html,Github Atom v1.7.2 发布，文本编辑器,2016-04-19
109℃,/uploads/allimg/160418/228-16041R050000-L.png,/soft/2016/0418/5262.html,MyBatis 3.4.0 发布，Java 持久层框架,2016-04-18
250℃,/images/defaultpic.gif,/soft/2016/0418/5259.html,UbuntuBSD 15.10 Beta,2016-04-18
191℃,/uploads/allimg/160418/228-16041Q01K0X1-lp.jpg,/soft/2016/0418/5258.html,0 A.D. Alpha 20 Timosthenes，开源帝国时代游戏,2016-04-18
204℃,/uploads/allimg/160416/102231K07-0-lp.png,/soft/2016/0416/5251.html,Clementine 1.3.0 发布下载，Linux 音乐播放器,2016-04-16
83℃,/images/defaultpic.gif,/soft/2016/0416/5250.html,RunDeck v2.6.5 发布下载，服务器自动化操作,2016-04-16
307℃,/uploads/allimg/160416/230_0416101UE539.gif,/soft/2016/0416/5249.html,Wine 1.9.8 发布下载，Windows 应用兼容层,2016-04-16
351℃,/uploads/allimg/160415/228-1604151913280-L.png,/soft/2016/0415/5246.html, Ubuntu 16.04 LTS 值得关注的新特性和改进盘点,2016-04-15
121℃,/images/defaultpic.gif,/soft/2016/0414/5240.html, Docker v1.11.0下载,2016-04-14
115℃,/uploads/allimg/160412/227-1604121IJ10-L.png,/soft/2016/0412/5225.html,Hadoop 存储系统  Apache Kudu (incubating) 0.8.0下载,2016-04-12
228℃,/images/defaultpic.gif,/soft/2016/0412/5222.html,Linux Rust编程语言下载,2016-04-12
63℃,/uploads/allimg/160412/228-1604121022380-L.gif,/soft/2016/0412/5221.html,"Zabbix 2.0.17rc1, 2.2.12rc1, 2.4.8rc1 和 3.0.2rc1 下载",2016-04-12
249℃,/uploads/allimg/160409/228-1604091353380-L.gif,/soft/2016/0409/5212.html,AMDGPU Linux 开源驱动,2016-04-09
31℃,/uploads/allimg/160409/228-1604091351470-L.gif,/soft/2016/0409/5211.html,Arquillian Drone Extension 2.0.0.Final 下载,2016-04-09
110℃,/uploads/allimg/160409/228-1604091350100-L.png,/soft/2016/0409/5210.html,分布式计算系统 Onyx 0.9.1下载,2016-04-09
59℃,/uploads/allimg/160409/228-1604091344430-L.png,/soft/2016/0409/5209.html,Docker v1.11.0-rc4 下载,2016-04-09
81℃,/uploads/allimg/160408/227-16040Q610590-L.png,/soft/2016/0408/5208.html,Docker v1.11.0-rc4下载,2016-04-08
77℃,/uploads/allimg/160407/1342393I1-0-lp.png,/soft/2016/0407/5201.html,Docker 容器管理程序_Kitematic v0.10.1 发布下载,2016-04-07
79℃,/uploads/allimg/160406/228-1604061200140-L.gif,/soft/2016/0406/5196.html,Apache OFBiz 12.04.06 和 13.07.03 发布,2016-04-06
436℃,/uploads/allimg/160405/228-1604051K5090-L.gif,/soft/2016/0405/5193.html,Visual C++ for Linux下载,2016-04-05
34℃,/images/defaultpic.gif,/soft/2016/0405/5187.html,Apache Lucy 分支 Apache Clownfish 0.5.0下载,2016-04-05
40℃,/uploads/allimg/160404/227-1604041503380-L.gif,/soft/2016/0404/5181.html,Ember v2.5.0-beta.4 和 v2.4.4下载,2016-04-04
73℃,/uploads/allimg/160403/227-1604031532050-L.png,/soft/2016/0403/5179.html,Docker v1.11.0-rc3下载,2016-04-03
127℃,/uploads/allimg/160327/227-16032G532030-L.png,/soft/2016/0327/5128.html,免费解压缩软件B1 Free Archiver Linux版下载,2016-06-04
97℃,/uploads/allimg/160403/228-1604030I9250-L.png,/soft/2016/0403/5176.html,pfSense 2.3 RC 发布防火墙和路由软件下载,2016-04-03
77℃,/images/defaultpic.gif,/soft/2016/0402/5170.html,GNU/Linux 发行 NixOS 16.03 下载,2016-04-02
152℃,/uploads/allimg/160402/228-1604021351380-L.gif,/soft/2016/0402/5169.html,Windows 应用兼容层 Wine 1.9.7下载,2016-04-02
36℃,/uploads/allimg/160402/228-1604021350470-L.png,/soft/2016/0402/5168.html,容器引擎 Rocket v1.3.0下载,2016-04-02
207℃,/uploads/allimg/160331/228-160331130Z20-L.jpg,/soft/2016/0331/5164.html,EasyBCD 1.7.1与EasyBCD 1.7.2下载,2016-03-31
148℃,/images/defaultpic.gif,/soft/2016/0331/5152.html,Ubuntu 开发者工具中心 Ubuntu Make 16.03 下载,2016-03-31
217℃,/uploads/allimg/160331/228-160331121R70-L.gif,/soft/2016/0331/5150.html,入侵检测系统 Snort 2.9.8.2下载,2016-03-31
82℃,/uploads/allimg/160330/227-1603301240570-L.png,/soft/2016/0330/5148.html,Slackware Linux 14.2 RC1,2016-03-30
651℃,/uploads/160327/227-16032H131242Z.jpg,/soft/2016/0327/5137.html,下载Youtube的强大工具youtube-dl 2016.03.26下载,2016-03-27
206℃,/uploads/allimg/160327/227-16032G530070-L.jpg,/soft/2016/0327/5127.html,RAR 5.30 for Linux下载,2016-03-27
1736℃,/uploads/allimg/160327/227-16032G434580-L.gif,/soft/2016/0327/5121.html,xenserver 6.5 中文版_Citrix XenCenter 6.5官方版本下载,2016-03-27
139℃,/uploads/allimg/160327/228-16032G150470-L.gif,/soft/2016/0327/5115.html,Linux启动运行光盘 Parsix GNU/Linux 8.10下载,2016-03-27
73℃,/uploads/allimg/160326/228-1603261212340-L.gif,/soft/2016/0326/5113.html,MariaDB 10.1.13 和 MariaDB Connector/J 1.3.7下载,2016-03-26
45℃,/uploads/allimg/160326/228-1603261211220-L.png,/soft/2016/0326/5112.html,Docker v1.11.0-rc2下载,2016-03-26
291℃,/uploads/allimg/160324/227-1603241014110-L.gif,/soft/2016/0324/5100.html,Linux桌面环境 GNOME 3.20下载,2016-03-24
37℃,/uploads/allimg/160324/1012033156-0-lp.jpg,/soft/2016/0324/5099.html,支持异步刷新请求和SMB3多通道 Samba 4.4 正式版下载,2016-03-24
38℃,/uploads/160324/227-160324100940340.png,/soft/2016/0324/5098.html,Docker v1.11.0-rc1下载,2016-03-24
49℃,/uploads/allimg/160323/227-160323104SVV.png,/soft/2016/0323/5094.html,Erlang集群MQTT消息服务器 Emqttd 0.17.1下载,2016-03-23
242℃,/uploads/allimg/160323/227-1603231042140-L.gif,/soft/2016/0323/5095.html,K 桌面环境 KDE Plasma 5.6 官方正式版下载,2016-03-23
4047℃,/uploads/allimg/160322/1510064362-0-lp.gif,/soft/2016/0322/5092.html,百度网盘客户端(bcloud) Linux版下载和安装指南,2016-03-22
74℃,/uploads/allimg/160321/227-1603211103290-L.png,/soft/2016/0321/5072.html,unikernels操作系统 MirageOS 2.7.3 下载,2016-03-21
76℃,/uploads/allimg/160321/227-160321105K20-L.gif,/soft/2016/0321/5071.html,Blender 2.77下载,2016-03-21
116℃,/uploads/allimg/160318/227-16031Q220540-L.png,/soft/2016/0318/5062.html,Mozilla Firefox for linux 46 Beta 2下载,2016-03-18
63℃,/uploads/allimg/160318/227-16031Q214160-L.png,/soft/2016/0318/5060.html,Onyx 0.9.0-beta1 下载,2016-03-18
115℃,/uploads/allimg/160316/228-1603160J0060-L.png,/soft/2016/0316/5045.html,分布式计算系统 Onyx 0.9.0-alpha12下载,2016-03-16
58℃,/uploads/allimg/160316/228-1603160H6320-L.png,/soft/2016/0316/5044.html,RocksDB 4.3.1 下载,2016-03-16
51℃,/uploads/allimg/160315/228-1603151142400-L.png,/soft/2016/0315/5043.html, Spring Kafka 1.0.0.M1下载,2016-03-15
49℃,/uploads/allimg/160315/228-1603151140340-L.png,/soft/2016/0315/5042.html,OLAP 分析引擎  Apache Kylin 1.3.0 下载,2016-03-15
129℃,/uploads/allimg/160315/228-160315113K80-L.gif,/soft/2016/0315/5041.html, Opera 36.0 Build 2130.32 下载,2016-03-15
133℃,/uploads/allimg/160314/228-1603142131380-L.png,/soft/2016/0314/5037.html,Epidermis下载_自动下载和安装Linux主题管理软件,2016-03-14
130℃,/uploads/allimg/160314/228-1603140955540-L.jpg,/soft/2016/0314/5025.html,Linux 系统管理工具包  Sysstat 11.3.2下载,2016-03-14
161℃,/uploads/allimg/160314/228-1603140952260-L.png,/soft/2016/0314/5024.html,VirtualBox 5.0.16 for Linux下载,2016-03-14
71℃,/uploads/allimg/160314/228-1603140943570-L.jpg,/soft/2016/0314/5023.html,光盘制作工具  Devede 4.6.0下载,2016-03-14
49℃,/uploads/160313/228-160313092330510.png,/soft/2016/0313/5017.html,Apache Jackrabbit Oak 1.4.0 下载,2016-03-13
64℃,/uploads/allimg/160312/228-1603121KJ40-L.png,/soft/2016/0312/5013.html,Apache Tomcat Native 1.2.5下载,2016-03-12
227℃,/images/defaultpic.gif,/soft/2016/0312/5012.html,Linux 实用工具集 util-linux v2.28-rc1 下载,2016-03-12
126℃,/uploads/allimg/160312/228-1603121K4390-L.png,/soft/2016/0312/5011.html,Docker 1.10.3下载,2016-03-12
96℃,/uploads/allimg/160311/228-1603111304420-L.png,/soft/2016/0311/5000.html,PuTTY 0.67 Beta下载,2016-03-11
96℃,/images/defaultpic.gif,/soft/2016/0311/4999.html,LibreOffice 5.1.1下载,2016-03-11
228℃,/uploads/160310/228-160310195524B8.jpg,/soft/2016/0310/4995.html,纯Linux的防火墙_梭子鱼NG（Next Generation）12.0防火墙,2016-03-10
39℃,/uploads/allimg/160310/227-160310133I80-L.png,/soft/2016/0310/4983.html,Docker 1.10.3 RC1 和 RC2 下载,2016-03-10
41℃,/uploads/allimg/160310/227-1603101335500-L.png,/soft/2016/0310/4982.html,SSO集成解决方案 Keycloak 1.9.1下载,2016-03-10
124℃,/uploads/allimg/160310/227-1603101333160-L.jpg,/soft/2016/0310/4981.html,跨平台音乐中心 Kreogist Mu 0.9.9下载,2016-03-10
117℃,/uploads/allimg/160309/228-1603091151420-L.gif,/soft/2016/0309/4974.html,OpenSSH 7.2 下载，支持 SHA-256/512 RSA 签名,2016-03-09
103℃,/uploads/allimg/160309/228-160309114Z20-L.png,/soft/2016/0309/4973.html,Tails 2.2 发布下载,2016-03-09
64℃,/uploads/allimg/160308/228-16030Q63S60-L.jpg,/soft/2016/0308/4968.html,桌面交互环境 Cinnamon 2.8.7下载,2016-03-08
196℃,/uploads/allimg/160305/227-1603051K5460-L.png,/soft/2016/0305/4926.html,福昕PDF阅读器下载(Foxit Reader)绿色下载,2016-03-06
62℃,/uploads/allimg/160305/227-1603051AH40-L.png,/soft/2016/0305/4922.html,Opera 11.00 for Linux x86-64 下载,2016-03-05
210℃,/uploads/allimg/160305/227-1603051420160-L.gif,/soft/2016/0305/4918.html,Windows 模拟器 Wine 1.9.5下载,2016-03-05
153℃,/uploads/allimg/160303/228-1603031640510-L.png,/soft/2016/0303/4911.html,一键 PHP/JAVA 安装工具 OneinStack 1.2 下载,2016-03-03
85℃,/uploads/allimg/160302/228-160302203P40-L.png,/soft/2016/0302/4889.html, HttpComponents Client 4.5.2 下载,2016-03-02
138℃,/uploads/allimg/160302/228-1603022034290-L.jpg,/soft/2016/0302/4888.html,跨平台高性能音视频框架Linux版 QtAV 1.10.0 下载,2016-03-02
46℃,/uploads/allimg/160228/227-16022PT0100-L.png,/soft/2016/0228/4854.html,K/V 存储方案 Apache Accumulo 1.7.1下载,2016-02-28
48℃,/uploads/allimg/160227/227-16022FR0520-L.png,/soft/2016/0227/4843.html,开源 PaaS 平台 Tsuru 1.0 RC4  下载,2016-02-27
74℃,/uploads/allimg/160227/227-16022FIK40-L.png,/soft/2016/0227/4841.html,Ceph v9.2.1 Infernalis （乌贼）下载,2016-02-27
112℃,/uploads/allimg/160225/227-1602251946010-L.png,/soft/2016/0225/4825.html,Nginx for Linux 1.9.12 下载,2016-02-25
58℃,/uploads/allimg/160225/227-1602250022010-L.png,/soft/2016/0225/4822.html, Ceph v0.94.6 Hammer 下载,2016-02-25
43℃,/uploads/allimg/160225/227-1602250019400-L.png,/soft/2016/0225/4821.html, Docker v1.10.2下载,2016-02-25
153℃,/uploads/allimg/160225/227_022500155X4A.gif,/soft/2016/0225/4819.html,全文搜索服务器 Apache Solr 5.5.0 下载,2016-02-25
79℃,http://www.oschina.net/img/logo/lucene.png,/soft/2016/0225/4818.html,Java 搜索引擎  Apache Lucene 5.5.0 下载,2016-02-25
32℃,/images/defaultpic.gif,/soft/2016/0224/4817.html,SSO 集成解决方案Keycloak 1.9.0.Final下载,2016-02-24
117℃,/uploads/allimg/160223/227_0223110I0A35.png,/soft/2016/0223/4809.html,全面性能提升版本 Gitlab 8.5.0下载,2016-02-23
102℃,/uploads/allimg/160222/227-1602221945080-L.gif,/soft/2016/0222/4796.html,新壁纸 GNOME 3.20下载,2016-02-22
23℃,https://kinzler.com/picons/db/users/com/yahoogroups/vshnu/face.gif,/soft/2016/0222/4794.html,vshnu  the New Visual Shell 虚拟Shell下载,2016-02-22
271℃,/images/defaultpic.gif,/soft/2016/0222/4793.html,Linux下百度云Python客户端下载,2016-02-22
233℃,/uploads/allimg/160222/228-1602221232330-L.jpg,/soft/2016/0222/4792.html,Linux命令行浏览器Links2.12下载,2016-02-22
34℃,/uploads/allimg/160222/228_02221226241238.png,/soft/2016/0222/4791.html,RabbitMQ 3.6.1 RC2 下载,2016-02-22
31℃,/uploads/allimg/160221/228_0221093KEY8.png,/soft/2016/0221/4789.html,Docker v1.10.2-rc1,2016-02-21
101℃,/uploads/allimg/160221/228_0221093552E06.png,/soft/2016/0221/4788.html,Wine 1.9.4 下载,2016-02-21
167℃,/uploads/allimg/160220/228_022011524A456.png,/soft/2016/0220/4786.html,Pascal 集成开发环境  Lazarus 1.6 下载,2016-02-20
37℃,/uploads/allimg/160220/228_0220114P61264.png,/soft/2016/0220/4785.html,分布式消息发布订阅系统 Apache Kafka 0.9.0.1 下载,2016-02-20
115℃,/uploads/allimg/160220/228_022011443XY3.gif,/soft/2016/0220/4784.html,Linux Kernel 3.10.97 和 4.3.6 下载,2016-02-20
38℃,/uploads/allimg/160219/228_0219140G53614.png,/soft/2016/0219/4771.html,K/V 缓存存储方案 Apache Accumulo 1.6.5和1.7.0下载,2016-02-19
258℃,/uploads/allimg/160219/228_021914033U446.png,/soft/2016/0219/4770.html,Apache Tomcat 7.0.68下载,2016-02-19
44℃,/uploads/allimg/160219/228_02191359242361.png,/soft/2016/0219/4769.html,Apache MINA 2.0.12 下载,2016-02-19
122℃,/uploads/allimg/160218/228-16021Q201040-L.jpg,/soft/2016/0218/4753.html,MPla,2016-02-18
38℃,/uploads/allimg/160218/228-16021Q155540-L.png,/soft/2016/0218/4752.html,OpenSSL 1.1.0 pre release 3 下载,2016-02-18
46℃,/uploads/allimg/160217/228-16021G640150-L.gif,/soft/2016/0217/4714.html,关联式数据库管理系统 SQLite 3.11.0  下载,2016-02-17
53℃,/uploads/allimg/160216/227-1602161G4030-L.png,/soft/2016/0216/4703.html,Linux From Scratch 7.9-rc1 下载,2016-02-16
1913℃,/uploads/allimg/160213/227-160213213Q30-L.png,/soft/2016/0213/4693.html,Mathematica在Linux下的安装和破解,2016-02-15
65℃,/uploads/allimg/160215/227-1602150205240-L.png,/soft/2016/0215/4699.html,Percona Server 5.7.10 RC2 下载,2016-02-15
35℃,/uploads/allimg/160215/227-1602150159120-L.gif,/soft/2016/0215/4697.html,RabbitMQ 3.6.1 RC1 下载,2016-02-15
49℃,/uploads/allimg/160215/227-1602150156270-L.gif,/soft/2016/0215/4696.html,MongoDB 3.2.2 RC2 下载,2016-02-15
114℃,/uploads/allimg/160213/227-160213204Z80-L.png,/soft/2016/0213/4686.html,MySQL 管理客户端 Adminer 4.2.4 Linux版下载,2016-02-13
59℃,/uploads/allimg/160213/227_02132035311647.png,/soft/2016/0213/4685.html,Nginx 1.9.11 下载_支持动态模块和TCP解析DNS,2016-02-13
234℃,/uploads/allimg/160213/227_021312301J240.png,/soft/2016/0213/4675.html,Apache Tomcat 6.0.45 下载,2016-02-13
21℃,/uploads/160213/227-160213122612K6.png,/soft/2016/0213/4674.html,Apache Jackrabbit 2.12.0 下载,2016-02-13
23℃,/uploads/allimg/160213/227_021312194141c.png,/soft/2016/0213/4673.html,Jetty 9.2.15.v20160210 维护版本 下载,2016-02-13
28℃,https://teiid.gitbooks.io/documents/content/cover_small.jpg,/soft/2016/0213/4672.html,数据虚拟化系统 Teiid 8.13.1,2016-02-13
36℃,/uploads/allimg/160212/227_021212345543Y.png,/soft/2016/0212/4671.html,开源应用容器引擎 Docker v1.10.1下载,2016-02-12
170℃,https://www.google.com/chrome/assets/common/images/marquee/benefits-5-mobile.png,/soft/2016/0211/4656.html,Chrome for Linux 50.x下载,2016-02-11
55℃,/uploads/allimg/160211/227_021110431R930.png,/soft/2016/0211/4655.html,FileZilla Client 3.15.0.2 for Linux下载,2016-02-11
49℃,/uploads/allimg/160211/227_02111040115L9.gif,/soft/2016/0211/4654.html,Linux PB 级分布式文件系统 Ceph v10.0.2下载,2016-02-11
63℃,https://3.bp.blogspot.com/-Ddvl7vxZb7o/VrpXqRkgFsI/AAAAAAAAWWU/UoK3VLIIy0E/s640/OpenShot-2-0-6.png,/soft/2016/0211/4653.html,Linux开源视频编辑器 OpenShot 2.0.6 (Beta3) 下载,2016-02-11
85℃,/uploads/allimg/160211/227_021110225D2I.jpg,/soft/2016/0211/4652.html,LibreOffice 5.1 下载,2016-02-11
60℃,/uploads/allimg/160210/227_021015350M9D.png,/soft/2016/0210/4626.html,火狐 Mozilla Firefox 44.0.1 Linux版下载,2016-02-10
91℃,/uploads/allimg/160209/227-160209195Q60-L.png,/soft/2016/0209/4606.html,ArchLinux 软件包管理器  Pacman 5.0 下载,2016-02-09
36℃,/uploads/allimg/160206/227-1602061AH70-L.jpg,/soft/2016/0206/4588.html,实现在Dolphin中预览pdf文件kffmpegthumbnailer官网下载,2016-02-08
35℃,/uploads/allimg/160208/228_020Q335122016.png,/soft/2016/0208/4603.html,TODO 列表管理 Taskwarrior 2.5.1 Beta下载,2016-02-08
230℃,/uploads/allimg/160204/227_0204191ZY0W.png,/soft/2016/0204/4569.html,Code::Blocks 16.01 正式Linux版下载,2016-02-05
81℃,/uploads/allimg/160203/227-1602031R5240-L.png,/soft/2016/0203/4555.html,超级房车赛 汽车运动GRID Autosport GNU/Linux版,2016-02-05
34℃,https://commons.apache.org/proper/commons-weaver/images/weaver.png,/soft/2016/0205/4574.html,Apache Commons Weaver 1.2 下载,2016-02-05
39℃,/uploads/160205/228-16020509400X47.png,/soft/2016/0205/4573.html,CoreOS 容器引擎 Rocket  1.0 下载,2016-02-05
37℃,/uploads/160205/228-160205093555432.png,/soft/2016/0205/4572.html,集群管理器 Apache Mesos 0.27.0 下载,2016-02-05
31℃,/uploads/160205/228-16020509314AN.jpg,/soft/2016/0205/4571.html,Docker v1.10 正式版下载,2016-02-05
59℃,/uploads/allimg/160201/228_0201223I03547.jpg,/soft/2016/0201/4537.html,uGet 2.0.4 下载_最好的Linux发行版下载管理器,2016-02-04
68℃,/uploads/allimg/160204/227_02041505253Y2.png,/soft/2016/0204/4561.html,开源监控方案 Hawkular Metrics 0.12.0 下载,2016-02-04
60℃,/uploads/160204/228-160204111Ha60.jpg,/soft/2016/0204/4560.html,分布式系统监视_Zabbix 3.0.0rc1下载,2016-02-04
132℃,/uploads/160204/228-160204110QJ11.jpg,/soft/2016/0204/4558.html,Wine 1.8.1下载,2016-02-04
30℃,/uploads/allimg/160204/227-160204001H60-L.jpg,/soft/2016/0204/4557.html,Docker v1.10.0-rc3下载,2016-02-04
138℃,/uploads/allimg/160203/227-1602031PG90-L.jpg,/soft/2016/0203/4554.html,系统急救CD盘SystemRescueCd免费下载,2016-02-03
54℃,/uploads/allimg/160203/227-1602031339430-L.jpg,/soft/2016/0203/4547.html,nginx openresty windows 1.9.10.100下载,2016-02-03
67℃,/uploads/160203/228-160203103J1249.png,/soft/2016/0203/4545.html,ZStack v1.0下载,2016-02-03
185℃,/uploads/160129/228-16012Z95Ga61.jpg,/soft/2016/0129/4498.html,开源防火墙路由平台 OPNsense 16.1下载,2016-01-29
87℃,/uploads/160129/228-16012Z94045428.png,/soft/2016/0129/4496.html,Redis下载_Redis 3.2.0 RC3 下载,2016-01-29
55℃,/uploads/allimg/160128/228-16012Q94Z60-L.png,/soft/2016/0128/4488.html,Linux Mint异步读写模型Linux AIO 17.3下载,2016-01-28
64℃,/uploads/allimg/160126/2314462O8-0-lp.png,/soft/2016/0126/4480.html,ROSA R7 ＂Desktop Fresh＂下载,2016-01-26
39℃,/uploads/160126/160126/227-160126125Z1348.jpg,/soft/2016/0126/4471.html,全文检索引擎工具包_Apache Lucene 5.3.2下载,2016-01-26
47℃,/uploads/allimg/160126/228_0126125232I36.png,/soft/2016/0126/4470.html,自启动运行光盘_Parsix GNU/Linux 8.5 Test 3下载,2016-01-26
67℃,/uploads/allimg/160126/228_0126124U01218.png,/soft/2016/0126/4469.html,监控客户端Apache Zeppelin 0.5.6-incubating下载,2016-01-26
99℃,/uploads/160126/228-160126123634939-lp.gif,/soft/2016/0126/4467.html,网络存储系统_Rockstor 3.8-11下载,2016-01-26
161℃,/uploads/allimg/160123/227-160123143T80-L.jpg,/soft/2016/0123/4464.html, GNOME 3.19.4下载,2016-01-23
40℃,https://github.com/coreos/rkt/raw/v0.16.0/logos/rkt-horizontal-color.png,/soft/2016/0122/4442.html,CoreOS 容器引擎_Rocket 0.16.0 for Linux 下载,2016-01-22
151℃,/uploads/allimg/160121/228-1601212226360-L.png,/soft/2016/0121/4431.html,Linux分区工具GParted 0.25.0 和 GParted Live 0.25.0-1下载,2016-01-21
77℃,/uploads/allimg/160121/228_012100233A514.gif,/soft/2016/0121/4419.html,Ltnmp下载_PHP 开发环境一键安装包ltnmp 3.0下载,2016-01-21
52℃,/uploads/allimg/160119/228-1601191031250-L.png,/soft/2016/0119/4401.html,Debian Identity management 1.2.7 下载,2016-01-19
74℃,/uploads/allimg/160115/228-1601150T6460-L.jpg,/soft/2016/0115/4367.html,Percona Server 5.6.28-76.1和 5.5.47-37.7下载地址,2016-01-15
172℃,/uploads/allimg/160115/0S50R001-0-lp.png,/soft/2016/0115/4366.html,免费开源财务软件_GnuCash 2.6.11 for linux 下载和GnuCash安装,2016-01-15
164℃,/uploads/allimg/160114/228-1601140F3310-L.png,/soft/2016/0114/4360.html,Linux MongoDB 3.3.0 下载,2016-01-14
64℃,/uploads/allimg/160113/228-1601131435150-L.jpg,/soft/2016/0113/4352.html,Ansible 1.9.0（计算机系统配置管理工具）下载地址,2016-01-13
108℃,/uploads/allimg/160113/228-1601130930260-L.png,/soft/2016/0113/4350.html,Linux Lite 2.8 Beta 基于Xubuntu并以Xfce桌面发布下载,2016-01-13
63℃,/uploads/allimg/160113/228-1601130920430-L.png,/soft/2016/0113/4349.html,Ansible 2.0 （计算机系统配置管理工具）发布下载,2016-01-13
136℃,/uploads/allimg/160110/228-160110160041O0.png,/soft/2016/0110/4332.html,7ZIP下载安装_免费开源压缩软件7-zip下载,2016-01-11
501℃,/uploads/allimg/160110/228-160110161I4C6-lp.png,/soft/2016/0110/4334.html,Woobuntu下载_开源中文白帽ubuntu桌面系统下载,2016-01-11
175℃,/uploads/allimg/160111/00363924M-0-lp.jpg,/soft/2016/0111/4339.html,Wine 1.9.1 for Linux版下载_支持 Mingw ARM 工具链的wine,2016-01-11
154℃,/uploads/allimg/160110/228-160110160R6123.png,/soft/2016/0110/4333.html,RAR下载安装_免费开源压缩软件RAR FOR Linux.2.3下载,2016-01-10
228℃,/uploads/allimg/160109/228-1601092200570-L.png,/soft/2016/0109/4322.html,又一个LAMP(Linux + Apache + MySQL/MariaDB + PHP)一键安装包下载,2016-01-09
150℃,/uploads/allimg/160109/228-16010ZQ6480-L.jpg,/soft/2016/0109/4309.html,PlayOnLinux 4.2.10下载，Wine 辅助工具,2016-01-09
618℃,/uploads/160108/228-16010Q616429B.jpg,/soft/2016/0108/4307.html,XAMPP for Linux32位64位下载_PHP环境一键安装包XAMPP下载,2016-01-08
148℃,/uploads/allimg/160108/228-16010Q51J90-L.jpg,/soft/2016/0108/4300.html,Linux Nginx 1.9.7 稳定版 下载,2016-01-08
319℃,/uploads/allimg/160108/228-16010Q051020-L.png,/soft/2016/0108/4298.html,Parted Magic分区魔术师2016 01 06版下载_非Parted Magic破解版,2016-01-08
199℃,/uploads/151230/228-151230215Z2J7.png,/soft/2015/1230/4238.html,WPS For Linux Alpha 20 _金山WPS Office_linux下载,2016-01-07
207℃,/uploads/allimg/160106/228-1601061KK60-L.jpg,/soft/2016/0106/4296.html,sogou pinyin linux_搜狗输入法 for linux下载官方安装版,2016-01-07
243℃,/uploads/allimg/160101/228-1601012100100-L.png,/soft/2016/0101/4271.html,VirtualBox(vbox虚拟机) v5.0.12(104815) 官方中文版下载,2016-01-04
130℃,/uploads/allimg/160104/228-1601041403120-L.jpg,/soft/2016/0104/4287.html,Audacious下载_Linux 音乐播放器 Audacious 3.7.1下载,2016-01-04
97℃,/uploads/allimg/151230/228-151230091H80-L.png,/soft/2015/1230/4225.html,Gunicorn 19.4.2/19.4.3 发布下载,2015-12-30
106℃,/uploads/allimg/151229/228-1512291K9100-L.png,/soft/2015/1229/4223.html,Git 2.7.0 RC3下载,2015-12-29
324℃,/uploads/151228/228-15122R335352Q.jpg,/soft/2015/1228/4218.html,《Linux内核源码》(Linux Kernel)2.6.x[压缩包],2015-12-28
125℃,/uploads/151224/228-15122411044C59.jpg,/soft/2015/1224/4186.html,Redis 3.2 rc 1发布更新下载,2015-12-24
765℃,/uploads/allimg/151217/227_121G6395MB3.jpg,/soft/2015/1217/4137.html,Linux 下5款PDF阅读器_5款免费PDF阅读器精选_常用Linux PDF阅读器,2015-12-17
477℃,/uploads/allimg/151116/00511VG9-0-lp.jpg,/soft/2015/1116/4106.html,Audacious 3.7 正式发布，Linux 音乐播放器,2015-11-16
596℃,/uploads/allimg/151007/01160561F-0-lp.png,/soft/2015/1007/4076.html,sklamp 1.0 下载，LINUX LAMP一键安装包,2015-10-07
621℃,/uploads/allimg/150829/135ZaX6-0-lp.png,/soft/2015/0829/4045.html,RedNotebook 1.10.2 下载，Linux 桌面日记本,2015-08-29
418℃,/uploads/allimg/150717/123QI105-0-lp.png,/soft/2015/0717/3995.html,Seafile 4.3.0 下载，开源文件云存储,2015-07-17
1457℃,/uploads/allimg/150531/160Q15557-0-lp.jpg,/soft/2015/0531/3954.html,Linux音乐播放器 Audacious 3.6.2下载,2015-05-31
2511℃,/uploads/allimg/150422/1119222532-0-lp.jpg,/soft/2015/0422/3926.html,有道词典 Linux版本 下载,2015-04-22
1910℃,/uploads/allimg/150422/1-150422111453546-lp.jpg,/soft/2015/0422/3925.html,Nginx 1.8.0 稳定版 下载,2015-04-22
274℃,/uploads/allimg/150419/15324WM6-0-lp.jpg,/soft/2015/0419/3920.html,LFTP 4.6.2 下载，命令行 FTP 工具,2015-04-19
506℃,/uploads/allimg/150413/1-150413130U5355-lp.png,/soft/2015/0413/3915.html,Emacs 24.5 下载，Linux 文本编辑器,2015-04-13
201℃,/uploads/allimg/150407/200H163E-0-lp.jpg,/soft/2015/0407/3903.html,Audacious 3.6.1 下载，Linux 音乐播放器,2015-04-07
201℃,/uploads/allimg/150325/1524062K9-0-lp.png,/soft/2015/0325/3891.html,Evolution 3.12.11/3.13.90 下载，Linux 邮件客户端,2015-03-25
202℃,/uploads/allimg/150325/151910LW-0-lp.jpg,/soft/2015/0325/3890.html,LVM 2.02.118 下载，Linux 磁盘逻辑卷管理器,2015-03-25
162℃,/uploads/allimg/150325/15142S4K-0-lp.png,/soft/2015/0325/3889.html,Shotwell 0.22.0 下载，Linux相片管理工具,2015-03-25
580℃,/uploads/allimg/150321/01432155A-0-lp.jpg,/soft/2015/0321/3878.html,VirtualBox 4.3.26 for Linux,2015-03-21
332℃,/uploads/allimg/150227/1-15022H25924Y6-lp.jpg,/soft/2015/0227/3847.html,LNMT一键安装包 beta 0.2 正式版下载,2015-02-27
1376℃,/uploads/allimg/150204/1-150204231540B6-lp.png,/soft/2015/0204/3828.html,搜狗输入法Linux版1.2版本下载,2015-02-04
228℃,/uploads/allimg/150129/01033RH4-0-lp.png,/soft/2015/0129/3806.html,Audacious 3.6-beta1下载___Linux音乐播放器,2015-01-29
23367℃,/uploads/allimg/150127/1-15012F04PJ57.png,/soft/2015/0127/3799.html,百度云盘for linux 下载,2015-01-27
2752℃,/uploads/allimg/150101/1-15010120295HI-lp.png,/soft/2015/0101/3753.html,360安全卫士for linux版下载,2015-01-01
245℃,/uploads/allimg/141224/22462L3K-0-lp.png,/soft/2014/1224/3736.html,NetworkManager 1.0.0 下载,2014-12-24
4686℃,/uploads/allimg/141224/1-141224152F41b-lp.gif,/soft/2014/1224/3735.html,linux服务器WEB环境一键安装包,2014-12-24
2158℃,/uploads/allimg/141220/1-14122022292G59-lp.png,/soft/2014/1220/3714.html,向日葵远程控制软件for Linux,2014-12-20
205℃,/uploads/allimg/141220/1-141220221932433-lp.png,/soft/2014/1220/3712.html,ubuntu的http代理切换工具QuickProxy,2014-12-20
683℃,/uploads/allimg/141207/1-14120G94340496-lp.jpg,/soft/2014/1207/3636.html,Opera浏览器Linux版下载,2014-12-07
614℃,/uploads/allimg/141126/2334441C5-0-lp.png,/soft/2014/1126/3553.html,Sublime Text 2 for Linux,2014-11-26
997℃,/uploads/allimg/141126/1-1411261AKTQ-lp.jpg,/soft/2014/1126/3546.html,pdf阅读器linux,2014-11-26
528℃,/uploads/allimg/141126/1-141126161P24A-lp.jpg,/soft/2014/1126/3543.html,搜狗输入法 for Linux 正式版下载,2014-11-26
17493℃,/uploads/allimg/141126/0000522231-0-lp.png,/soft/2014/1126/3542.html,TeamViewer for Linux版,2014-11-25
3980℃,/uploads/allimg/141125/1-141125120610121-lp.png,/soft/2014/1125/3532.html,115网盘Linux版,2014-11-25
136℃,/uploads/allimg/141124/2351303294-0-lp.png,/soft/2014/1124/3520.html,LibreOffice 4.3.4正式版下载,2014-11-24
534℃,/uploads/allimg/141117/1-14111H01933Q1-lp.png,/soft/2014/1117/3465.html,WPS Office For Linux 下载,2014-11-17
431℃,/uploads/allimg/141113/1-141113003414964-lp.jpg,/soft/2014/1113/3455.html,Wine 1.7.30 for Linux版下载,2014-11-13
259℃,/uploads/allimg/141113/1-14111300205K14-lp.jpg,/soft/2014/1113/3454.html,Flashget for linux 1.0.3版下载,2014-11-13
1034℃,/uploads/allimg/141113/1-141113001H6344-lp.jpg,/soft/2014/1113/3453.html,为知笔记 Linux 版下载,2014-11-13
1913℃,/uploads/allimg/141113/1-141113000Z3Y3-lp.jpg,/soft/2014/1113/3452.html,Chrome for Linux版下载,2014-11-13
370℃,/uploads/allimg/141112/1-141112235925262-lp.png,/soft/2014/1113/3451.html,WinRAR for Linux版下载,2014-11-12
723℃,/uploads/allimg/141112/1-141112234A3V8-lp.png,/soft/2014/1112/3450.html,PPS for Linux版下载,2014-11-12
253℃,/uploads/allimg/141112/1-141112233929558.png,/soft/2014/1112/3449.html,firefox(火狐浏览器)for Linux版下载,2014-11-12
141℃,/uploads/allimg/141112/1-14111202244H34-lp.png,/soft/2014/1112/3446.html,LNMP1.1最新版下载,2014-11-12
178℃,/uploads/allimg/141112/1-141112021301F1-lp.jpg,/soft/2014/1112/3445.html,Linux版傲游云浏览器,2014-11-12
